title,url,published_date,published_raw,page_num,list_page_url,source_category,excerpt,image_url,published_dt
Khofifah Pastikan Pasokan Biosolar dan Pertalite di Jatim Aman,https://malangvoice.com/khofifah-pastikan-pasokan-biosolar-dan-pertalite-di-jatim-aman/,2026-06-28,28 June 2026 7:57 PM,1,https://malangvoice.com/kanal/malang-raya/kabupaten-malang/,Ekbis,"MALANGVOICE – Gubernur Jawa Timur, Khofifah Indar Parawansa, memastikan ketersediaan bahan bakar minyak (BBM) di Jawa Timur dalam kondisi aman dan mencukupi kebutuhan masyarakat....",,2026-06-28
"Andalkan BBIB Singosari, Khofifah Optimistis Indonesia Swasembada Daging dalam Tiga Tahun",https://malangvoice.com/andalkan-bbib-singosari-khofifah-optimistis-indonesia-swasembada-daging-dalam-tiga-tahun/,2026-06-28,28 June 2026 7:02 PM,1,https://malangvoice.com/kanal/malang-raya/kabupaten-malang/,Kabupaten Malang,"MALANGVOICE – Gubernur Jawa Timur, Khofifah Indar Parawansa, optimistis Indonesia mampu mewujudkan swasembada daging dalam kurun waktu tiga tahun ke depan. Optimisme tersebut disampaikannya...",,2026-06-28
Yakuza Meneges Dampingi Santri Korban Dugaan Pelecehan Seksual di Kabupaten Malang,https://malangvoice.com/yakuza-meneges-dampingi-santri-korban-dugaan-pelecehan-seksual-di-kabupaten-malang/,2026-06-14,14 June 2026 1:10 PM,1,https://malangvoice.com/kanal/malang-raya/kabupaten-malang/,Kabupaten Malang,MALANGVOICE - Yakuza Maneges mengendus adanya dugaan praktik pelecehan seksual di lingkungan pondok pesantren di Kabupaten Malang. Kasusnya kini sudah dilaporkan ke Polres Malang....,,2026-06-14
"UMM Bangun Pabrik Infus di Karangploso, Perkuat Kemandirian Kesehatan Nasional",https://malangvoice.com/umm-bangun-pabrik-infus-di-karangploso-perkuat-kemandirian-kesehatan-nasional/,2026-06-11,11 June 2026 7:11 PM,1,https://malangvoice.com/kanal/malang-raya/kabupaten-malang/,Kabupaten Malang,MALANGVOICE – Universitas Muhammadiyah Malang (UMM) kembali menunjukkan peran strategisnya dalam mendukung kemandirian kesehatan nasional. Kampus Putih resmi memulai pembangunan pabrik infus PT...,,2026-06-11
"Arema FC Buka Suara, Tegaskan Keberatan Soal Pendaftaran Logo Singa",https://malangvoice.com/arema-fc-buka-suara-tegaskan-keberatan-soal-pendaftaran-logo-singa/,2026-06-07,7 June 2026 11:35 AM,2,https://malangvoice.com/kanal/malang-raya/kabupaten-malang/page/2/,Arema,MALANGVOICE - Manajemen Arema FC melayangkan keberatan atas pendaftaran logo bergambar singa yang menjadi perbincangan hangat kalangan Aremania. Arema FC akhirnya buka suara...,,2026-06-07
PT Bentoel Group Gandeng Baskomas Jaga Kualitas Air dan Keberlanjutan Lingkungan,https://malangvoice.com/pt-bentoel-group-gandeng-baskomas-jaga-kualitas-air-dan-keberlanjutan-lingkungan/,2026-06-03,3 June 2026 8:11 PM,2,https://malangvoice.com/kanal/malang-raya/kabupaten-malang/page/2/,Kabupaten Malang,"MALANGVOICE– Aksi Lestari untuk Revitalisasi Sungai (ALIR) digelar di Sungai Kalibodo, Desa Banjararum, Kecamatan Singosari, Kabupaten Malang. Aksi nyata menjaga kelestarian lingkungan ini digelar...",,2026-06-03
Pemuda Lintas Iman di Lawang Teguhkan Semangat Pancasila Lewat Jagongan Kebangsaan,https://malangvoice.com/pemuda-lintas-iman-di-lawang-teguhkan-semangat-pancasila-lewat-jagongan-kebangsaan/,2026-06-01,1 June 2026 9:43 PM,2,https://malangvoice.com/kanal/malang-raya/kabupaten-malang/page/2/,Ekbis,"MALANGVOICE– Memperingati Hari Lahir Pancasila, para pemuda dan mahasiswa di Kecamatan Lawang menggelar kegiatan ""Jagongan"" bersama berbagai komunitas dan tokoh lintas iman di Lawang,...",,2026-06-01
"BRI Malang Catat Transaksi QRIS Rp2,05 Triliun, Pengguna BRImo Tembus 3,3 Juta",https://malangvoice.com/bri-malang-catat-transaksi-qris-rp205-triliun-pengguna-brimo-tembus-33-juta/,2026-05-31,31 May 2026 9:05 PM,2,https://malangvoice.com/kanal/malang-raya/kabupaten-malang/page/2/,Ekbis,MALANGVOICE – PT Bank Rakyat Indonesia (Persero) Tbk atau BRI terus memperkuat transformasi digital dan memperluas inklusi keuangan melalui pengembangan layanan perbankan digital....,,2026-05-31
UMKM Desa Genengan Dapat Suntikan Bantuan CSR dari BRI Region 13 Malang,https://malangvoice.com/umkm-desa-genengan-dapat-suntikan-bantuan-csr-dari-bri-region-13-malang/,2026-05-29,29 May 2026 2:42 PM,3,https://malangvoice.com/kanal/malang-raya/kabupaten-malang/page/3/,Ekbis,"MALANGVOICE - BRI Region 13 Malang kembali menunjukkan komitmennya dalam mendukung pemberdayaan ekonomi masyarakat melalui program Corporate Social Responsibility (CSR). Kali ini, bantuan diberikan...",,2026-05-29
MPM Honda Jatim Ajak Mahasiswa Jadi Agen Perubahan Lewat Astra Honda SDGs Future Leaders 2026,https://malangvoice.com/mpm-honda-jatim-ajak-mahasiswa-jadi-agen-perubahan-lewat-astra-honda-sdgs-future-leaders-2026/,2026-05-29,29 May 2026 11:15 AM,3,https://malangvoice.com/kanal/malang-raya/kabupaten-malang/page/3/,Ekbis,MALANGVOICE – Astra Honda Motor kembali membuka program Astra Honda SDGs Future Leaders 2026 sebagai wadah pengembangan generasi muda untuk menciptakan solusi berkelanjutan...,,2026-05-29
"BRI Serahkan Ambulance untuk Ponpes An Nur 2 Bululawang, Dukung Layanan Kesehatan 15 Ribu Santri",https://malangvoice.com/bri-serahkan-ambulance-untuk-ponpes-an-nur-2-bululawang-dukung-layanan-kesehatan-15-ribu-santri/,2026-05-26,26 May 2026 8:33 PM,3,https://malangvoice.com/kanal/malang-raya/kabupaten-malang/page/3/,Ekbis,"MALANGVOICE - Aktivitas ribuan santri di lingkungan Pondok Pesantren An Nur 2 Bululawang, Kabupaten Malang, membutuhkan dukungan fasilitas kesehatan yang memadai, terutama untuk...",,2026-05-26
BRI Region 13 Malang Salurkan 82 Sapi dan 630 Kambing Kurban untuk Kaum Dhuafa,https://malangvoice.com/bri-region-13-malang-salurkan-82-sapi-dan-630-kambing-kurban-untuk-kaum-dhuafa-2/,2026-05-26,26 May 2026 8:16 PM,3,https://malangvoice.com/kanal/malang-raya/kabupaten-malang/page/3/,Event,MALANGVOICE - Hari Raya Idul Adha menjadi momentum bagi umat Muslim untuk mempererat kepedulian sosial dan berbagi kebahagiaan dengan sesama. Semangat pengorbanan dan...,,2026-05-26
BRI Region 13 Malang Salurkan 82 Sapi dan 630 Kambing Kurban untuk Kaum Dhuafa,https://malangvoice.com/bri-region-13-malang-salurkan-82-sapi-dan-630-kambing-kurban-untuk-kaum-dhuafa/,2026-05-26,26 May 2026 12:41 PM,4,https://malangvoice.com/kanal/malang-raya/kabupaten-malang/page/4/,Ekbis,"MALANGVOICE - Pada Idul Adha tahun ini 1447 Hijriah, BRI Region 13 Malang menyalurkan sebanyak 82 ekor sapi dan 630 ekor kambing kepada kaum...",,2026-05-26
"Mulai Rp10 Ribu, Tabungan Emas BRImo Permudah Masyarakat Berinvestasi di Tengah Gejolak Ekonomi Global",https://malangvoice.com/mulai-rp10-ribu-tabungan-emas-brimo-permudah-masyarakat-berinvestasi-di-tengah-gejolak-ekonomi-global/,2026-05-26,26 May 2026 10:47 AM,4,https://malangvoice.com/kanal/malang-raya/kabupaten-malang/page/4/,Ekbis,"MALANGVOICE - fitur Tabungan Emas di super apps BRImo semakin diminati karena menawarkan kemudahan investasi emas secara digital yang praktis, aman, dan terjangkau. Apalagi...",,2026-05-26
"Perkuat Kemandirian Umat, YBM BRILiaN SBO Malang Salurkan Dana Rp7,2 Miliar",https://malangvoice.com/ybm-brilian-sbo-malang-salurkan-rp72-miliar-dana-kemaslahatan-usung-semangat-sustainable-impact/,2026-05-25,25 May 2026 7:46 PM,4,https://malangvoice.com/kanal/malang-raya/kabupaten-malang/page/4/,Ekbis,"MALANGVOICE- Momentum Hari Kebangkitan Nasional tahun ini menjadi momen spesial bagi YBM BRILiaN. Memasuki usia ke-25 tahun, YBM BRILiaN mengusung tema besar Sustainable Impact...",,2026-05-25
SMKN 1 Baureno Raih Penghargaan Nasional TUK Astra Honda di FeVoSH 2026,https://malangvoice.com/smkn-1-baureno-raih-penghargaan-nasional-tuk-astra-honda-di-fevosh-2026/,2026-05-25,25 May 2026 7:06 PM,4,https://malangvoice.com/kanal/malang-raya/kabupaten-malang/page/4/,Halokes,"MALANGVOICE - Sekolah binaan PT Mitra Pinasthika Mulia (MPM Honda Jatim), SMKN 1 Baureno Bojonegoro kembali menorehkan prestasi membanggakan di tingkat nasional. Sekolah...",,2026-05-25
"Antusiasme Membludak, Morula IVF Surabaya Kembali Hadir di Malang Bantu Pejuang Dua Garis",https://malangvoice.com/antusiasme-membludak-morula-ivf-surabaya-kembali-hadir-di-malang-bantu-pejuang-dua-garis/,2026-05-25,25 May 2026 8:52 AM,5,https://malangvoice.com/kanal/malang-raya/kabupaten-malang/page/5/,Ekbis,"MALANGVOICE - Morula IVF Indonesia melalui Morula IVF Surabaya menyelenggarakan acara bertajuk 'Goes to Malang: Part 2' di Savana Hotel, Minggu (24/5). Berbeda dengan...",,2026-05-25
"Gojek Gandeng Kemenkes, Ribuan Mitra Driver di Malang dan 15 Kota Dapat Cek Kesehatan Gratis",https://malangvoice.com/gojek-gandeng-kemenkes-ribuan-mitra-driver-di-malang-dan-15-kota-dapat-cek-kesehatan-gratis/,2026-05-22,22 May 2026 7:50 PM,5,https://malangvoice.com/kanal/malang-raya/kabupaten-malang/page/5/,Ekbis,MALANGVOICE – Gojek bekerja sama dengan Kementerian Kesehatan Republik Indonesia menghadirkan program Cek Kesehatan Gratis (CKG) bagi mitra driver. Program ini menjadi upaya...,,2026-05-22
"Investasi Emas Digital di BRImo Kian Diminati, Mulai Rp10 Ribu Bisa Jaga Nilai Aset",https://malangvoice.com/investasi-emas-digital-di-brimo-kian-diminati-mulai-rp10-ribu-bisa-jaga-nilai-aset/,2026-05-22,22 May 2026 10:52 AM,5,https://malangvoice.com/kanal/malang-raya/kabupaten-malang/page/5/,Ekbis,MALANGVOICE— Kondisi ekonomi global yang masih bergejolak turut berdampak pada pelemahan nilai tukar rupiah. Situasi itu membuat masyarakat kini semakin selektif memilih instrumen investasi...,,2026-05-22
"Produksi Padi Jatim Naik 12,6 Persen, Bulog Malang Siap Serap Hasil Panen Petani",https://malangvoice.com/produksi-padi-jatim-naik-126-persen-bulog-malang-siap-serap-hasil-panen-petani/,2026-05-19,19 May 2026 1:52 PM,5,https://malangvoice.com/kanal/malang-raya/kabupaten-malang/page/5/,Kabupaten Malang,"MALANGVOICE - Produksi padi di Jawa Timur, termasuk wilayah Malang Raya, mengalami peningkatan signifikan pada 2025. Kondisi itu membuat Perum Bulog Cabang Malang...",,2026-05-19
"Hulu DAS Brantas Hadapi Tekanan Eksploitasi, Pelestarian Sumber Air Butuh Gerakan Bersama",https://malangvoice.com/hulu-das-brantas-hadapi-tekanan-eksploitasi-pelestarian-sumber-air-butuh-gerakan-bersama/,2026-05-08,8 May 2026 9:31 PM,6,https://malangvoice.com/kanal/malang-raya/kabupaten-malang/page/6/,Kabupaten Malang,"MALANGVOICE– Setiap tetes air adalah pertaruhan mempertahankan denyut kehidupan. Pelestarian sumber mata bukan hanya soal urusan teknis, namun juga butuh gerakan kolektif bersama multipihak....",,2026-05-08
Polres Malang Tetapkan Empat Tersangka Kasus Pantai Wedi Awu,https://malangvoice.com/polres-malang-tetapkan-empat-tersangka-kasus-pantai-wedi-awu/,2026-05-08,8 May 2026 3:03 PM,6,https://malangvoice.com/kanal/malang-raya/kabupaten-malang/page/6/,Kabupaten Malang,"MALANGVOICE - Polres Malang menetapkan empat tersangka kasus penganiayaan dan pengeroyokan di Pantai Wedi Awu, Tirtoyudo beberapa waktu lalu. Kapolres Malang, AKBP Muhammad Taat...",,2026-05-08
Puluhan Wisatawan Asal Surabaya di Pantai Wediawu Terindikasi Positif Narkoba,https://malangvoice.com/puluhan-wisatawan-asal-surabaya-di-pantai-wediawu-terindikasi-positif-narkoba/,2026-05-06,6 May 2026 11:17 AM,6,https://malangvoice.com/kanal/malang-raya/kabupaten-malang/page/6/,Kabupaten Malang,"MALANGVOICE - Insiden pengerusakan dan pengeroyokan di Pantai Wediawu, Tirtoyudo, terus didalami Polres Malang. Terbaru dari hasil penyelidikan sementara didapati puluhan orang dinyatakan positif...",,2026-05-06
Rektor UMM: Pendidikan Harus Jadi Pusat Solusi di Tengah Krisis Global,https://malangvoice.com/rektor-umm-pendidikan-harus-jadi-pusat-solusi-di-tengah-krisis-global/,2026-05-02,2 May 2026 10:26 AM,6,https://malangvoice.com/kanal/malang-raya/kabupaten-malang/page/6/,Halokes,"MALANGVOICE – Transformasi budaya dan perkembangan Ilmu Pengetahuan dan Teknologi (IPTEK) yang kian pesat, beriringan dengan menipisnya daya dukung Sumber Daya Alam (SDA),...",,2026-05-02
Bugenvil City Pilihan Tepat Melepas Penat di Pelukan Alam,https://malangvoice.com/bugenvil-city-pilihan-tepat-melepas-penat-di-pelukan-alam/,2026-05-01,1 May 2026 11:25 AM,7,https://malangvoice.com/kanal/malang-raya/kabupaten-malang/page/7/,Kabupaten Malang,"MALANGVOICE- Bayangkan setelah seharian penat bekerja, Anda bisa melepas lelah di tempat yang udaranya sejuk, pemandangannya hijau, dan suasananya benar-benar terasa seperti alam. Itulah...",,2026-05-01
Dinamika Sengketa CMNP dan MNC: Analisis Peran dan Strategi Hukum Lucas vs Hotman,https://malangvoice.com/dinamika-sengketa-cmnp-dan-mnc-analisis-peran-dan-strategi-hukum-lucas-vs-hotman/,2026-04-29,29 April 2026 2:31 PM,7,https://malangvoice.com/kanal/malang-raya/kabupaten-malang/page/7/,Kabupaten Malang,"*Oleh: Adv. Shendy Pr. S.H., M.H., CPM Sengketa antara PT Citra Marga Nusaphala Persada Tbk (CMNP) dan MNC Group merupakan salah satu perkara korporasi paling...",,2026-04-29
"Eduwisata ke Gudang Bulog, Siswa MAN 1 Kota Malang Belajar Langsung Proses Pangan dari Hulu ke Hilir",https://malangvoice.com/eduwisata-ke-gudang-bulog-siswa-man-1-kota-malang-belajar-langsung-proses-pangan-dari-hulu-ke-hilir/,2026-04-24,24 April 2026 2:53 PM,7,https://malangvoice.com/kanal/malang-raya/kabupaten-malang/page/7/,Kabupaten Malang,"MALANGVOICE — Puluhan siswa MAN 1 Kota Malang mengikuti kegiatan eduwisata di Gudang Kebonagung, Kamis (23/4), yang digelar Bulog Cabang Malang. Kegiatan ini menjadi...",,2026-04-24
Kartini Cilik di Tengah Dentuman Musik: Antara Makna dan Meriahnya Zaman”,https://malangvoice.com/kartini-cilik-di-tengah-dentuman-musik-antara-makna-dan-meriahnya-zaman/,2026-04-24,24 April 2026 1:43 PM,7,https://malangvoice.com/kanal/malang-raya/kabupaten-malang/page/7/,Gaya Hidup,Oleh: Al-laily Azzahroh Prodi PPKN Universitas PGRI Kanjuruhan Malang Perayaan Kartini yang dahulu lekat dengan nuansa sederhana dan penuh makna kini perlahan mengalami transformasi yang...,,2026-04-24
GEBER MALANG di Lawang: Kolaborasi Warga Tanam Pohon untuk Lingkungan Lebih Sehat,https://malangvoice.com/geber-malang-di-lawang-kolaborasi-warga-tanam-pohon-untuk-lingkungan-lebih-sehat/,2026-04-24,24 April 2026 1:25 PM,8,https://malangvoice.com/kanal/malang-raya/kabupaten-malang/page/8/,Kabupaten Malang,"MALANGVOICE — Upaya menjaga kelestarian lingkungan kembali digaungkan melalui kegiatan “GEBER MALANG” (Gerakan Bersama Masyarakat Lawang untuk Indonesia Aman, Sehat, Resik, dan Indah)...",,2026-04-24
NESCO 2 di Malang: Ajang Esai Nasional Buktikan Siswa Mampu Bersaing di Level Tertinggi,https://malangvoice.com/nesco-2-di-malang-ajang-esai-nasional-buktikan-siswa-mampu-bersaing-di-level-tertinggi/,2026-04-24,24 April 2026 1:19 PM,8,https://malangvoice.com/kanal/malang-raya/kabupaten-malang/page/8/,Halokes,"MALANGVOICE – National Essay Competition (NESCO) ke-2 sukses digelar pada 18–19 April 2026 di Kota Malang. Kompetisi ini diinisiasi Pusat Riset Siswa, Mahasiswa,...",,2026-04-24
"PN Kepanjen Lakukan Eksekusi Ruko di Sengkaling, Termohon Perjuangkan Keadilan",https://malangvoice.com/pn-kepanjen-lakukan-eksekusi-ruko-di-sengkaling-termohon-perjuangkan-keadilan/,2026-04-22,22 April 2026 9:37 PM,8,https://malangvoice.com/kanal/malang-raya/kabupaten-malang/page/8/,Kabupaten Malang,"MALANGVOICE- Pengadilan Negeri (PN) Kepanjen melaksanakan eksekusi ruko di Jalan Raya Sengkaling, Dau, Kabupaten Malang, Rabu (22/4). Eksekusi ruko ini merupakan tindak lanjut...",,2026-04-22
Polisi Ciduk Pencuri Belasan Keping Emas di Ngantang,https://malangvoice.com/polisi-ciduk-pencuri-belasan-keping-emas-di-ngantang/,2026-04-22,22 April 2026 11:13 AM,8,https://malangvoice.com/kanal/malang-raya/kabupaten-malang/page/8/,Kabupaten Malang,"MALANGVOICE– Suasana tenang di sebuah rumah di Dusun Sekar, Desa Sidodadi, Kecamatan Ngantang, Kabupaten Malang mendadak berubah menjadi duka. Seorang pria berinisial A baru...",,2026-04-22
"Tampung Aspirasi YKTK Tolak Laga Arema vs Persebaya di Kanjuruhan, DPRD Kota Malang Segera Tentukan Sikap",https://malangvoice.com/tampung-aspirasi-yktk-tolak-laga-arema-vs-persebaya-di-kanjuruhan-dprd-kota-malang-segera-tentukan-sikap/,2026-04-20,20 April 2026 2:17 PM,9,https://malangvoice.com/kanal/malang-raya/kabupaten-malang/page/9/,Kabupaten Malang,"MALANGVOICE – Yayasan Keadilan Tragedi Kanjuruhan (YKTK) mendatangi DPRD Kota Malang, Senin (20/4), untuk menyampaikan aspirasi terkait rencana laga Arema FC melawan Persebaya Surabaya...",,2026-04-20
Kaka Slank Keliling Kota Jelang Konser Tur HS Slank di Rampal,https://malangvoice.com/kaka-slank-keliling-kota-jelang-konser-tur-hs-slank-di-rampal/,2026-04-19,19 April 2026 2:09 PM,9,https://malangvoice.com/kanal/malang-raya/kabupaten-malang/page/9/,Event,MALANGVOICE – Suasana Minggu pagi (19/4) di Kota Malang terasa berbeda. Ratusan riders tergabung dalam Mods Mayday Malang yang dipimpin langsung oleh vokalis Kaka...,,2026-04-19
"Penuhi Kebutuhan Pasar, Bulog Malang Segera Minta Pasokan MinyaKita Tambahan",https://malangvoice.com/penuhi-kebutuhan-pasar-bulog-malang-segera-minta-pasokan-minyakita-tambahan/,2026-04-18,18 April 2026 6:32 PM,9,https://malangvoice.com/kanal/malang-raya/kabupaten-malang/page/9/,Kabupaten Malang,"MALANGVOICE– Perum BULOG Kantor Cabang Malang tengah melakukan langkah proaktif untuk menjaga stabilitas pasokan minyak goreng bersubsidi, MinyaKita, di wilayahnya. Saat ini, stok...",,2026-04-18
"Audiensi YKTK ke Kapolresta Malang Kota, KKJ Tolak Derby Arema vs Persebaya di Kanjuruhan",https://malangvoice.com/audiensi-yktk-ke-kapolresta-malang-kota-kkj-tolak-derby-arema-vs-persebaya-di-kanjuruhan/,2026-04-17,17 April 2026 7:59 AM,9,https://malangvoice.com/kanal/malang-raya/kabupaten-malang/page/9/,Kabupaten Malang,MALANGVOICE – Yayasan Keadilan Tragedi Kanjuruhan (YKTK) bersama Keluarga Korban Kanjuruhan (KKJ) menyampaikan penolakan terhadap rencana pertandingan derby Arema FC melawan Persebaya Surabaya...,,2026-04-17
"Tudingan Pungli di Coban Sewu Dibantah, Kuasa Hukum Tegaskan Semua Gunakan Tiket Resmi",https://malangvoice.com/tudingan-pungli-di-coban-sewu-dibantah-kuasa-hukum-tegaskan-semua-gunakan-tiket-resmi/,2026-04-15,15 April 2026 7:47 PM,10,https://malangvoice.com/kanal/malang-raya/kabupaten-malang/page/10/,Kabupaten Malang,MALANGVOICE- Isu dugaan pungutan liar (pungli) dalam pengelolaan wisata Coban Sewu ditepis tegas pihak pengelola. Seluruh transaksi yang berlangsung di kawasan air terjun tersebut...,,2026-04-15
PJT I Libatkan Aparat Kepolisian Pastikan Operasional Bendungan Lahor Tetap Aman,https://malangvoice.com/pjt-i-libatkan-aparat-kepolisian-pastikan-operasional-bendungan-lahor-tetap-aman/,2026-04-03,3 April 2026 6:26 PM,10,https://malangvoice.com/kanal/malang-raya/kabupaten-malang/page/10/,Kabupaten Malang,"MALANGVOICE- Langkah cepat diambil Perum Jasa Tirta I (PJT I) menyusul dinamika yang terjadi di kawasan Bendungan Lahor, Kabupaten Malang, sejak Senin malam...",,2026-04-03
"Tanda Tangan PKS PSEL, Kota Malang Siap Sumbang 500 Ton Sampah per Hari",https://malangvoice.com/tanda-tangan-pks-psel-kota-malang-siap-sumbang-500-ton-sampah-per-hari/,2026-03-29,29 March 2026 8:01 PM,10,https://malangvoice.com/kanal/malang-raya/kabupaten-malang/page/10/,Kabupaten Malang,MALANGVOICE- Pembangunan Pengolahan Sampah Menjadi Energi Listrik (PSEL) atau Waste to Energy (WtE) di Jatim bakal segera terlaksana. Hal itu dimulai dengan Penandatanganan...,,2026-03-29
Menteri LH: Malang Raya Jadi Prioritas Proyek Pengolahan Sampah Jadi Energi,https://malangvoice.com/menteri-lh-malang-raya-jadi-prioritas-proyek-pengolahan-sampah-jadi-energi/,2026-03-29,29 March 2026 6:57 PM,10,https://malangvoice.com/kanal/malang-raya/kabupaten-malang/page/10/,Kabupaten Malang,MALANGVOICE – Pemerintah Pusat memberi perhatian serius pada persoalan sampah di Malang Raya. Salah satu langkah yang didorong adalah percepatan pembangunan fasilitas Pengolahan...,,2026-03-29
"KAI Hadirkan Promo “Tabur Berkah Hari Raya”, Tiket KA Gajayana dari Malang Mulai Rp445 Ribu",https://malangvoice.com/kai-hadirkan-promo-tabur-berkah-hari-raya-tiket-ka-gajayana-dari-malang-mulai-rp445-ribu/,2026-03-23,23 March 2026 1:12 PM,11,https://malangvoice.com/kanal/malang-raya/kabupaten-malang/page/11/,Kabupaten Malang,"MALANGVOICE – Menyambut momen Lebaran sekaligus mempermudah masyarakat merencanakan perjalanan mudik, PT Kereta Api Indonesia (Persero) Daop 8 Surabaya meluncurkan program promo bertajuk...",,2026-03-23
"Idul Fitri Jadi Momentum Retret Kultural dan Spiritual, Ini Pesan Prof Biyanto di UMM",https://malangvoice.com/idul-fitri-jadi-momentum-retret-kultural-dan-spiritual-ini-pesan-prof-biyanto-di-umm/,2026-03-20,20 March 2026 11:25 AM,11,https://malangvoice.com/kanal/malang-raya/kabupaten-malang/page/11/,Event,"MALANGVOICE - Perayaan Idul Fitri 1447 Hijriah tak hanya dimaknai sebagai penanda berakhirnya Ramadan. Lebih dari itu, momen ini disebut sebagai ruang penting...",,2026-03-20
"Jelang Idulfitri 2026, Wijaya 80 dan Sal Priadi Rilis Lagu tentang Cinta Beda Keyakinan",https://malangvoice.com/jelang-idulfitri-2026-wijaya-80-dan-sal-priadi-rilis-lagu-tentang-cinta-beda-keyakinan/,2026-03-19,19 March 2026 5:23 PM,11,https://malangvoice.com/kanal/malang-raya/kabupaten-malang/page/11/,Ekbis,"MALANGVOICE— Menjelang Hari Raya Idulfitri 2026, Wijaya 80 berkolaborasi dengan Sal Priadi merilis lagu berjudul “Bulan Bintang, Garis Menyilang”. Lagu ini bercerita tentang...",,2026-03-19
"Arema FC Luncurkan Jersey Keempat, Seluruh Keuntungan Bersih untuk Keluarga Korban Kanjuruhan",https://malangvoice.com/arema-fc-luncurkan-jersey-keempat-seluruh-keuntungan-bersih-untuk-keluarga-korban-kanjuruhan/,2026-03-18,18 March 2026 3:30 PM,11,https://malangvoice.com/kanal/malang-raya/kabupaten-malang/page/11/,Arema,"MALANGVOICE – Arema FC kembali meluncurkan identitas baru di tengah perjalanan musim Super League 2025/2026. Namun kali ini, yang diperkenalkan bukan hanya soal...",,2026-03-18
Lima Tips #Cari_Aman saat Puasa dan Hujan Bagi Perempuan Ketika Berkendara,https://malangvoice.com/lima-tips-cari_aman-saat-puasa-dan-hujan-bagi-perempuan-ketika-berkendara/,2026-03-09,9 March 2026 5:27 PM,12,https://malangvoice.com/kanal/malang-raya/kabupaten-malang/page/12/,Event,MALANGVOICE – Intensitas hujan yang masih sering mengguyur wilayah Malang Raya selama bulan Ramadan membuat para pengendara perlu meningkatkan kewaspadaan di jalan. Kondisi...,,2026-03-09
"Hijabers Serenity Ride, Komunitas Lady Bikers Ngabuburide Bareng Honda Scoopy di Malang",https://malangvoice.com/hijabers-serenity-ride-komunitas-lady-bikers-ngabuburide-bareng-honda-scoopy-di-malang/,2026-03-07,7 March 2026 10:15 AM,12,https://malangvoice.com/kanal/malang-raya/kabupaten-malang/page/12/,Event,"MALANGVOICE — PT Mitra Pinasthika Mulia (MPM Honda Jatim), distributor sepeda motor Honda wilayah Jawa Timur dan Nusa Tenggara Timur, menggelar kegiatan Hijabers Serenity...",,2026-03-07
Pertamina Pastikan Stok BBM Jatimbalinus Aman hingga Idul Fitri,https://malangvoice.com/pertamina-pastikan-stok-bbm-jatimbalinus-aman-hingga-idul-fitri/,2026-03-06,6 March 2026 11:27 AM,12,https://malangvoice.com/kanal/malang-raya/kabupaten-malang/page/12/,Kabupaten Malang,"MALANGVOICE - Di tengah dinamika geopolitik yang terjadi di kawasan Timur Tengah, Pertamina Patra Niaga Regional Jatimbalinus memastikan pasokan dan distribusi bahan bakar minyak...",,2026-03-06
"Gagalkan Perederaran 1,5 Kg Serbuk Mercon Ilegal, Dua Pemuda Dibekuk",https://malangvoice.com/gagalkan-perederaran-15-kg-serbuk-mercon-ilegal-dua-pemuda-dibekuk/,2026-03-04,4 March 2026 7:21 PM,12,https://malangvoice.com/kanal/malang-raya/kabupaten-malang/page/12/,Kabupaten Malang,MALANGVOICE– Sat Reskrim Polres Batu menggagalkan peredaran bahan peledak ilegal. Petugas meringkus dua tersangka berinisial S (21) dan GD (20) pada Kamis lalu...,,2026-03-04
"Ratusan Paket Sembako Murah Disiapkan PJT I di Tiga Kota, Bantu Warga Sambut Ramadan",https://malangvoice.com/ratusan-paket-sembako-murah-disiapkan-pjt-i-di-tiga-kota-bantu-warga-sambut-ramadan/,2026-03-04,4 March 2026 2:02 PM,13,https://malangvoice.com/kanal/malang-raya/kabupaten-malang/page/13/,Event,"MALANGVOICE – Perum Jasa Tirta (PJT) I kembali menggelar pasar murah selama Ramadan 2026. Lewat Program Tebus Murah Sembako (TMS), ratusan paket kebutuhan...",,2026-03-04
"GoTo Siapkan Rp110 Miliar untuk BHR 2026, 400 Ribu Mitra Gojek Terima Bonus",https://malangvoice.com/goto-siapkan-rp110-miliar-untuk-bhr-2026-400-ribu-mitra-gojek-terima-bonus/,2026-03-03,3 March 2026 6:55 PM,13,https://malangvoice.com/kanal/malang-raya/kabupaten-malang/page/13/,Kabupaten Malang,"MALANGVOICE- PT GoTo Gojek Tokopedia Tbk (BEI: GOTO) memastikan akan menyalurkan Bonus Hari Raya (BHR) Keagamaan 2026 kepada ratusan ribu Mitra Driver Gojek,...",,2026-03-03
"Penajatim.com Hadir, Prioritaskan Integritas dan Kode Etik Jurnalistik",https://malangvoice.com/penajatim-com-hadir-prioritaskan-integritas-dan-kode-etik-jurnalistik/,2026-03-03,3 March 2026 4:02 AM,13,https://malangvoice.com/kanal/malang-raya/kabupaten-malang/page/13/,Kabupaten Malang,"MALANGVOICE – Dunia media siber di Kota Malang kembali bertambah. Penajatim.com resmi diluncurkan sebagai media online baru yang berkantor redaksi di Kota Malang,...",,2026-03-03
"Ngabuburit di Rel Berbahaya, KAI Daop 8 Surabaya Perketat Pengawasan di Malang",https://malangvoice.com/ngabuburit-di-rel-berbahaya-kai-daop-8-surabaya-perketat-pengawasan-di-malang/,2026-03-02,2 March 2026 5:51 PM,13,https://malangvoice.com/kanal/malang-raya/kabupaten-malang/page/13/,Event,"MALANGVOICE – Memasuki bulan suci Ramadan 1447 Hijriah/2026, PT Kereta Api Indonesia (Persero) Daerah Operasi 8 Surabaya kembali mengingatkan masyarakat, khususnya di wilayah...",,2026-03-02
"Gojek Hadirkan Kampanye Ramadan, Pastikan Silaturahmi Tetap Lancar dan Hemat",https://malangvoice.com/gojek-hadirkan-kampanye-ramadan-pastikan-silaturahmi-tetap-lancar-dan-hemat/,2026-03-02,2 March 2026 4:43 PM,14,https://malangvoice.com/kanal/malang-raya/kabupaten-malang/page/14/,Kabupaten Malang,MALANGVOICE- Layanan on-demand Gojek yang berada di bawah naungan PT GoTo Gojek Tokopedia Tbk (BEI: GOTO) meluncurkan kampanye bertajuk “Pasti Ada Jalan untuk...,,2026-03-02
Hangatnya Ramadan di Lawang: Lintas Iman Berbagi Takjil dan Pererat Persaudaraan,https://malangvoice.com/hangatnya-ramadan-di-lawang-lintas-iman-berbagi-takjil-dan-pererat-persaudaraan/,2026-03-01,1 March 2026 10:03 PM,14,https://malangvoice.com/kanal/malang-raya/kabupaten-malang/page/14/,Event,"MALANGVOICE- Semangat persaudaraan lintas iman terasa hangat di Kecamatan Lawang, Kabupaten Malang, di tengah suasana Ramadan. Pemuda dan Komisi Antar Umat (KAUM) GKJW Jemaat...",,2026-03-01
RAC DPC Peradi Kabupaten Malang Solid Dukung Fikri Assegaf,https://malangvoice.com/rac-dpc-peradi-kabupaten-malang-solid-dukung-fikri-assegaf/,2026-02-28,28 February 2026 7:42 PM,14,https://malangvoice.com/kanal/malang-raya/kabupaten-malang/page/14/,Kabupaten Malang,"MALANGVOICE – DPC PERADI Kabupaten Malang menggelar Rapat Anggota Cabang (RAC) 2026 di Atria Hotel, Sabtu (28/2). Forum ini menjadi ajang konsolidasi sekaligus...",,2026-02-28
Polres Malang Amankan 3 Kg Bubuk Mercon Siap Edar di Poncokusumo,https://malangvoice.com/polres-malang-amankan-3-kg-bubuk-mercon-siap-edar-di-poncokusumo/,2026-02-27,27 February 2026 11:45 AM,14,https://malangvoice.com/kanal/malang-raya/kabupaten-malang/page/14/,Kabupaten Malang,"MALANGVOICE – Seorang pria berinisial BP (32), warga Dusun Ngadireso, Poncokusumo, Kabupaten Malang, diamankan jajaran Polres Malang. Ia ditangkap di rumahnya pada Rabu (25/2)...",,2026-02-27
